barcode,label,confidence,true_label
TTCGGAGAATGCCA-1,CD14+ Monocytes,0.8175433,CD14+ Monocytes
CATCATACGGAGCA-1,B cells,0.8752714,B cells
AGACGTACAGAGGC-1,CD4 T cells,0.9734238,CD4 T cells
ACATGGTGCGAGTT-1,CD4 T cells,0.9806451,CD4 T cells
AATCTAGAAAAGTG-1,CD4 T cells,0.9011875,CD4 T cells
TCGATACTTGCACA-1,CD4 T cells,0.88997716,CD4 T cells
TGGATGTGACCTAG-1,B cells,0.9066235,B cells
GAGTCAACCATTCT-1,CD4 T cells,0.836206,CD4 T cells
TAGCCGCTTACGAC-1,CD4 T cells,0.95034826,CD4 T cells
TTGACACTCTGTAG-1,CD4 T cells,0.9407961,CD4 T cells
TGGATGTGTGAAGA-1,B cells,0.92180264,B cells
CTAGGATGATCGTG-1,B cells,0.76928985,B cells
TGTGACGATTCTCA-1,CD4 T cells,0.88153046,CD8 T cells
TGGGTATGCACAAC-1,CD4 T cells,0.9954596,CD4 T cells
GCGAGCACTTGACG-1,CD4 T cells,0.9754847,CD4 T cells
CTATGTTGTCCTCG-1,CD4 T cells,0.93917006,CD4 T cells
ACTCGCACGAAAGT-1,CD14+ Monocytes,0.84770226,CD14+ Monocytes
CACCTGACCTCAAG-1,CD8 T cells,0.65346026,CD8 T cells
GGAGGCCTTTCTTG-1,CD4 T cells,0.9894651,CD4 T cells
GTCAACGAGTGTAC-1,CD14+ Monocytes,0.8219365,CD14+ Monocytes
GGCCAGACTGGTTG-1,CD4 T cells,0.96064746,CD4 T cells
GAGCGCTGTCTTAC-1,CD14+ Monocytes,0.8194144,CD14+ Monocytes
ATATGCCTGGACAG-1,CD4 T cells,0.96808326,CD4 T cells
AAGCCTGACCGAAT-1,CD14+ Monocytes,0.6520198,CD14+ Monocytes
CGCACTACTCGCCT-1,B cells,0.8523517,B cells
CCTGACTGTGTCTT-1,B cells,0.95157063,B cells
GTGATGACAAGTGA-1,CD4 T cells,0.9912081,CD4 T cells
CGTCAAGAACGTGT-1,CD4 T cells,0.9873746,CD4 T cells
ATAGCGTGGTATCG-1,CD14+ Monocytes,0.66699976,CD14+ Monocytes
CTACGGCTTTCTTG-1,CD14+ Monocytes,0.73869646,CD14+ Monocytes
GAAATACTCTTAGG-1,B cells,0.9291383,B cells
GAGCGCACGGTGAG-1,CD8 T cells,0.56085885,CD4 T cells
ACAAATTGATTCTC-1,FCGR3A+ Monocytes,0.27511266,FCGR3A+ Monocytes
ATCGCCTGTGGCAT-1,B cells,0.6796511,B cells
ATACGGACCTACTT-1,CD14+ Monocytes,0.71363366,CD14+ Monocytes
TCATCATGCAGTTG-1,CD4 T cells,0.99215263,CD4 T cells
AAGGTCACTGTTTC-1,B cells,0.87707925,B cells
TGAAGCTGCGTAAC-1,CD4 T cells,0.9844036,CD4 T cells
TGGAGACTATCAGC-1,CD14+ Monocytes,0.85584915,CD14+ Monocytes
ATGTTGCTTTCAGG-1,CD4 T cells,0.9329268,CD4 T cells
AACGCAACAAGTAG-1,CD4 T cells,0.97414577,CD4 T cells
ACGTTTACATCAGC-1,CD4 T cells,0.9886585,CD4 T cells
CGCTACTGAGAACA-1,CD4 T cells,0.98600113,CD4 T cells
ATACCGGATCTCGC-1,CD4 T cells,0.94094294,CD4 T cells
GGACGAGAGTGTCA-1,CD14+ Monocytes,0.6706422,CD14+ Monocytes
GACGTATGTTGACG-1,CD4 T cells,0.99104965,CD4 T cells
ATGCACGAGTTCGA-1,CD4 T cells,0.98035425,CD4 T cells
TGCCAAGAGCAGTT-1,CD4 T cells,0.56916714,FCGR3A+ Monocytes
GCGTATGATGAGAA-1,CD14+ Monocytes,0.7797729,CD14+ Monocytes
CACTTTGAGCTGTA-1,CD8 T cells,0.45126867,CD8 T cells
TGGAGACTTCAAGC-1,CD4 T cells,0.94673854,CD4 T cells
TACACACTCTTACT-1,CD4 T cells,0.8216086,CD4 T cells
TTCTCAGAAGCATC-1,B cells,0.9555881,B cells
TTTCAGTGGAAGGC-1,CD8 T cells,0.5263781,CD8 T cells
ACAGCAACACCTAG-1,CD14+ Monocytes,0.6348555,CD14+ Monocytes
CGAGCCGAGGCGAA-1,CD4 T cells,0.846305,CD4 T cells
AGCCTCACGTTCGA-1,CD4 T cells,0.94767225,CD4 T cells
GACAGGGAAGAGTA-1,B cells,0.93623716,B cells
CATGTACTATCGTG-1,CD8 T cells,0.63108665,CD8 T cells
CTGCAGCTAACCGT-1,CD4 T cells,0.9878079,CD4 T cells
TGAAGCTGCATGGT-1,B cells,0.8066894,B cells
CATCGCTGTGGCAT-1,B cells,0.8819127,B cells
TGAGTGACTGAGCT-1,CD4 T cells,0.99583817,CD4 T cells
TACGCCACTCCCAC-1,CD4 T cells,0.564811,FCGR3A+ Monocytes
CCTAAGGACCCAAA-1,CD4 T cells,0.9739856,CD4 T cells
CTCCACGAGAGATA-1,CD14+ Monocytes,0.27956155,Dendritic cells
GAGCAGGATTCCCG-1,CD8 T cells,0.6388374,CD8 T cells
CTACTCCTGCCATA-1,CD14+ Monocytes,0.5470466,CD14+ Monocytes
AGCTCGCTACTGGT-1,CD4 T cells,0.98976934,CD4 T cells
TTGGAGACGCTATG-1,CD14+ Monocytes,0.87133586,CD14+ Monocytes
AACTCTTGCAGGAG-1,CD4 T cells,0.94443226,CD4 T cells
TAGCTACTGTAGCT-1,CD4 T cells,0.9867574,CD4 T cells
CCACTGACCCGCTT-1,CD14+ Monocytes,0.80594635,CD14+ Monocytes
AAGGTCACTTCCCG-1,CD8 T cells,0.67795324,CD8 T cells
CTACTCCTATGTCG-1,NK cells,0.5670578,NK cells
AGCCGTCTGAGAGC-1,CD4 T cells,0.96485406,CD4 T cells
ATACCTACGCATCA-1,CD4 T cells,0.9626732,CD4 T cells
GCAGCTCTGTTTCT-1,CD4 T cells,0.98170197,CD4 T cells
GACAGTACGAGCTT-1,FCGR3A+ Monocytes,0.33855915,FCGR3A+ Monocytes
TACTACTGTATGGC-1,CD4 T cells,0.9857636,CD4 T cells
GAAACCTGGACTAC-1,FCGR3A+ Monocytes,0.36851126,FCGR3A+ Monocytes
GTTGTACTTTTGGG-1,CD4 T cells,0.9617067,CD4 T cells
CTCGACTGGTTGAC-1,NK cells,0.5110641,NK cells
GAACAGCTAACTGC-1,CD14+ Monocytes,0.7416415,FCGR3A+ Monocytes
CCTTCACTACGACT-1,CD4 T cells,0.99481165,CD4 T cells
GGTAGTACCCTGTC-1,CD4 T cells,0.9868967,CD4 T cells
GAAACCTGCTTATC-1,CD4 T cells,0.986553,CD4 T cells
GAGGACGACTCAGA-1,CD4 T cells,0.6275542,CD8 T cells
GATTTAGACACTCC-1,FCGR3A+ Monocytes,0.36479005,FCGR3A+ Monocytes
CTACTATGCTAAGC-1,CD4 T cells,0.7364754,CD8 T cells
CATATAGATCAGGT-1,B cells,0.9534921,B cells
AGGAGTCTTGTCAG-1,CD4 T cells,0.9769732,CD4 T cells
GCTAGAACAGAGGC-1,B cells,0.85859925,B cells
ATTCTTCTGATACC-1,CD4 T cells,0.82794785,CD4 T cells
TCTAACACGAGCAG-1,CD14+ Monocytes,0.44500625,Dendritic cells
GGAACTTGAGAATG-1,CD4 T cells,0.9087903,CD4 T cells
GGCCACGACAGAGG-1,CD4 T cells,0.8668311,CD4 T cells
ATTGCACTGAGAGC-1,CD14+ Monocytes,0.33510694,FCGR3A+ Monocytes
CACATACTACAGCT-1,CD8 T cells,0.54741883,CD8 T cells
GCCGAGTGCGTTGA-1,CD4 T cells,0.9205393,CD8 T cells
CAACGTGATCAAGC-1,CD14+ Monocytes,0.75964254,CD14+ Monocytes
AAATTCGAAGGTTC-1,CD4 T cells,0.81392354,CD4 T cells
CTTACTGACGTACA-1,CD4 T cells,0.9769852,CD4 T cells
GTTAAAACCGAGAG-1,NK cells,0.55235916,NK cells
TGGTATCTAAACAG-1,CD4 T cells,0.928577,CD4 T cells
TGTCTAACCCCTTG-1,CD4 T cells,0.95931137,CD4 T cells
TACGATCTAGTGTC-1,CD4 T cells,0.92472094,CD4 T cells
TAACAATGTGCCCT-1,B cells,0.9502369,B cells
ATCATCTGACACCA-1,Megakaryocytes,0.40403128,Megakaryocytes
CAATAATGAACTGC-1,CD14+ Monocytes,0.8212816,CD14+ Monocytes
AATTGATGTCGCAA-1,CD4 T cells,0.39563945,FCGR3A+ Monocytes
TTACCATGAATCGC-1,CD14+ Monocytes,0.8621974,CD14+ Monocytes
AGTTCTACCAGCTA-1,CD14+ Monocytes,0.80971146,CD14+ Monocytes
TTGTAGCTCTCTTA-1,B cells,0.92434937,B cells
GAAGGGTGAAAGTG-1,CD4 T cells,0.93111646,CD4 T cells
TTCCAAACCTATGG-1,CD14+ Monocytes,0.7735373,CD14+ Monocytes
ACTGTGGACGTGTA-1,CD4 T cells,0.46401253,CD8 T cells
TACTGTTGAGGCGA-1,NK cells,0.64986426,NK cells
GAGTGACTGTCTAG-1,CD4 T cells,0.991214,CD4 T cells
CGCTAAGAATGTCG-1,CD4 T cells,0.9961528,CD4 T cells
ACCTCCGATATGCG-1,CD4 T cells,0.94613457,CD4 T cells
TCCACGTGGAAACA-1,CD4 T cells,0.97634196,CD8 T cells
TGTATGCTTTCATC-1,CD4 T cells,0.9262093,CD8 T cells
AGTTTAGATGGTCA-1,CD4 T cells,0.7647527,CD4 T cells
TTAGGTCTACTTTC-1,CD14+ Monocytes,0.7302751,CD14+ Monocytes
AGATTAACGTTCTT-1,FCGR3A+ Monocytes,0.34127074,FCGR3A+ Monocytes
CGTGATGAGGTTCA-1,CD4 T cells,0.63561344,CD4 T cells
CGAACATGTCAGAC-1,CD4 T cells,0.9581768,CD4 T cells
ATGAGAGAAGTAGA-1,B cells,0.9108242,B cells
GCAGGGCTATCGAC-1,NK cells,0.4980135,NK cells
GTGATTCTGTCGAT-1,CD4 T cells,0.95309776,CD4 T cells
TCGAGCCTGCGAGA-1,CD4 T cells,0.8294919,CD8 T cells
CTCTAAACGGCGAA-1,CD4 T cells,0.9510003,CD4 T cells
GGACCTCTTTTCTG-1,CD8 T cells,0.7436775,CD8 T cells
GTCAATCTACACCA-1,CD8 T cells,0.54232675,CD8 T cells
CCAGTCACACTGTG-1,B cells,0.9353774,B cells
TTCACAACCCGTTC-1,CD14+ Monocytes,0.84816235,CD14+ Monocytes
CAATTCTGCTTGTT-1,CD14+ Monocytes,0.80602735,CD14+ Monocytes
GTTCAACTTATGCG-1,CD4 T cells,0.97618765,CD4 T cells
TGGCACCTTCAGTG-1,CD14+ Monocytes,0.7819397,CD14+ Monocytes
CATCGGCTATGCTG-1,CD4 T cells,0.9776937,CD4 T cells
CAGGTAACAGACTC-1,CD14+ Monocytes,0.6146695,CD14+ Monocytes
TTCAGTTGTCTCGC-1,B cells,0.67497504,B cells
GGTAGTACACTAGC-1,CD14+ Monocytes,0.698953,CD14+ Monocytes
AGAGTGCTGTCCTC-1,CD8 T cells,0.7297864,CD8 T cells
CTGGCACTCAAGCT-1,CD14+ Monocytes,0.7988104,CD14+ Monocytes
TAAGAGGACTTGTT-1,CD8 T cells,0.5803755,NK cells
AATCTAGAATCGGT-1,CD4 T cells,0.9643885,CD8 T cells
ATTGTCTGCGTACA-1,CD4 T cells,0.9313704,CD4 T cells
CGACCGGATGGAAA-1,CD4 T cells,0.93793184,CD4 T cells
ATAGTCCTAGTGTC-1,CD14+ Monocytes,0.88341194,CD14+ Monocytes
ACGTCAGAAACGAA-1,CD4 T cells,0.97558427,CD4 T cells
TCAGTGGAAGATCC-1,CD8 T cells,0.62085485,NK cells
GAATGCACCTTCGC-1,NK cells,0.48793632,NK cells
ACGGTAACCTTCGC-1,CD8 T cells,0.6024655,CD8 T cells
ACATTCTGGGAACG-1,CD14+ Monocytes,0.35134786,CD14+ Monocytes
GGAGCCACCTTCTA-1,B cells,0.90396297,B cells
TCTAAGCTTTCGCC-1,B cells,0.8708571,B cells
CATTGTACTCGATG-1,B cells,0.9554972,B cells
TTCAAGCTGTTGAC-1,CD4 T cells,0.92268044,CD8 T cells
CAATATGACGTTAG-1,CD4 T cells,0.97953314,CD4 T cells
TTAGTCTGAAAGCA-1,B cells,0.7384999,B cells
AGGGACGAGTCAAC-1,NK cells,0.61922556,NK cells
GACGTCCTACGGAG-1,CD4 T cells,0.90599805,CD4 T cells
GAACAGCTCTCAGA-1,FCGR3A+ Monocytes,0.31978172,FCGR3A+ Monocytes
TAATGCCTCATGAC-1,CD4 T cells,0.9782236,CD4 T cells
GCGGCAACCCGATA-1,CD4 T cells,0.95731145,CD4 T cells
GTCACCTGCCTCCA-1,CD4 T cells,0.98969483,CD4 T cells
TGTAGGTGTGCTGA-1,CD4 T cells,0.98596174,CD4 T cells
TGTACTTGCTCTAT-1,FCGR3A+ Monocytes,0.44492584,FCGR3A+ Monocytes
ACTTTGTGGAAAGT-1,CD4 T cells,0.9829906,CD4 T cells
ATACTCTGGTATGC-1,CD8 T cells,0.50309896,NK cells
TGGAGACTTGACCA-1,CD8 T cells,0.59392124,CD8 T cells
AACCTTACGCGAGA-1,NK cells,0.5636581,NK cells
AAGCCATGAACTGC-1,B cells,0.599355,Dendritic cells
ACCCAGCTCAGAAA-1,CD4 T cells,0.95034504,CD4 T cells
GGAATGCTTTCTAC-1,CD4 T cells,0.9800347,CD4 T cells
ATCGGTGATTGCAG-1,CD4 T cells,0.98469526,CD4 T cells
CTTCACCTACCTGA-1,CD14+ Monocytes,0.31029987,FCGR3A+ Monocytes
CTGAAGTGGCTATG-1,CD4 T cells,0.98779315,CD4 T cells
GCACGGTGACCTCC-1,CD4 T cells,0.98931295,CD4 T cells
CCGACACTGGTTTG-1,CD4 T cells,0.9924345,CD4 T cells
AACGCATGCCTTCG-1,CD4 T cells,0.9649071,CD4 T cells
AATCGGTGTGCTTT-1,CD4 T cells,0.9625818,CD4 T cells
CAAGAAGATTCTAC-1,CD4 T cells,0.98744196,CD4 T cells
GACTCCTGCTCGCT-1,CD4 T cells,0.98087317,CD4 T cells
TGCTAGGAAACCGT-1,CD8 T cells,0.5361114,CD8 T cells
GCGAGAGAGGGACA-1,CD4 T cells,0.97151774,CD4 T cells
ATACCACTCTAAGC-1,B cells,0.38446063,Dendritic cells
AACCGATGCTCCCA-1,CD4 T cells,0.94815964,CD4 T cells
GGGACCTGACCCTC-1,CD14+ Monocytes,0.8694862,CD14+ Monocytes
TAAATCGATGAGGG-1,CD4 T cells,0.974859,CD4 T cells
ACTTGGGATTGACG-1,CD14+ Monocytes,0.80969423,CD14+ Monocytes
CGATCAGAAGAACA-1,CD4 T cells,0.58980626,CD8 T cells
TGACGATGCAAAGA-1,CD14+ Monocytes,0.8035577,CD14+ Monocytes
CGGAGGCTATTCCT-1,CD4 T cells,0.81681156,CD4 T cells
TTACCATGTGTCTT-1,CD8 T cells,0.47648615,CD4 T cells
TAACACCTTCGCTC-1,CD14+ Monocytes,0.87776554,CD14+ Monocytes
GCTCCATGCCGAAT-1,CD4 T cells,0.9619499,CD4 T cells
GTCATACTAATCGC-1,B cells,0.7574065,B cells
GACGATTGCCAATG-1,B cells,0.8253441,B cells
AATCTCACAGCCTA-1,CD14+ Monocytes,0.8612062,CD14+ Monocytes
CATCAACTCCCTCA-1,CD4 T cells,0.9707098,CD4 T cells
CGACCTTGCTAGTG-1,CD4 T cells,0.9839886,CD4 T cells
GGATAGCTCGTCTC-1,CD4 T cells,0.9916904,CD4 T cells
TGTAGTCTTCCAGA-1,CD4 T cells,0.8182568,CD4 T cells
AGACTGACCCTTTA-1,CD4 T cells,0.9939242,CD4 T cells
GCCAACCTCGCCTT-1,CD4 T cells,0.9414613,CD4 T cells
TAGGTGACACGTTG-1,B cells,0.93452513,B cells
TCGCCATGTGGTCA-1,B cells,0.9625246,B cells
TCTAACTGAACCAC-1,CD4 T cells,0.9035075,CD4 T cells
AGCGCCGAATCTCT-1,CD4 T cells,0.8219858,CD4 T cells
ATACTCTGCTTCGC-1,CD14+ Monocytes,0.73812664,CD14+ Monocytes
GATTGGACGGTGTT-1,B cells,0.9577225,B cells
GGGCCAACGCGTTA-1,B cells,0.85352784,B cells
GCTCGACTCTAGTG-1,CD14+ Monocytes,0.7768465,CD14+ Monocytes
CCAACCTGAAGTAG-1,CD8 T cells,0.67030287,CD8 T cells
AAGCAAGAGCGAGA-1,CD4 T cells,0.8779162,CD4 T cells
GTAATAACCTTCTA-1,CD14+ Monocytes,0.78710943,CD14+ Monocytes
ACTCGCACTACGAC-1,CD14+ Monocytes,0.7821094,CD14+ Monocytes
AACTTGCTACGCTA-1,B cells,0.77810675,B cells
GGCATATGCTTATC-1,CD8 T cells,0.5555165,NK cells
ATTCGACTGAATAG-1,CD14+ Monocytes,0.8540003,CD14+ Monocytes
CCGTACACTAACGC-1,CD4 T cells,0.50697774,CD8 T cells
GACGTAACCTGTGA-1,CD4 T cells,0.91656035,CD4 T cells
TCAGGATGCCTTTA-1,CD14+ Monocytes,0.3831732,FCGR3A+ Monocytes
GCGTAATGCACCAA-1,CD14+ Monocytes,0.32734317,FCGR3A+ Monocytes
GAGGATCTGAAAGT-1,B cells,0.75139165,B cells
CACCGTACTAAGGA-1,B cells,0.9005231,B cells
TCCCTACTCAACTG-1,B cells,0.8936274,B cells
CAGGCCGACTAGCA-1,B cells,0.9544117,B cells
ATCGACGAATGACC-1,CD4 T cells,0.99041736,CD4 T cells
ACCAGTGATGACTG-1,CD14+ Monocytes,0.7230692,CD14+ Monocytes
ACTTGACTCCACAA-1,B cells,0.9598284,B cells
TCAGAGACTCCAGA-1,CD4 T cells,0.91024375,CD4 T cells
ATCCATACTTCATC-1,FCGR3A+ Monocytes,0.38149464,FCGR3A+ Monocytes
TTGAATGACTTACT-1,CD4 T cells,0.9414382,CD4 T cells
GGTCAAACCAAAGA-1,CD4 T cells,0.99323386,CD4 T cells
ATCCCGTGCAGTCA-1,CD8 T cells,0.55889106,NK cells
ATATAGTGGAATGA-1,CD14+ Monocytes,0.700934,CD14+ Monocytes
TCGAGAACGACAGG-1,CD4 T cells,0.90759593,CD4 T cells
CACCTGACTCGTAG-1,CD4 T cells,0.97279763,CD4 T cells
TGTAATGACACAAC-1,NK cells,0.4912121,NK cells
ATCGCAGAATCTCT-1,FCGR3A+ Monocytes,0.3593717,FCGR3A+ Monocytes
TTCTAGTGCATGAC-1,CD14+ Monocytes,0.7748153,CD14+ Monocytes
GAGTGGGATGCTGA-1,B cells,0.9626104,B cells
AAAGTTTGATCACG-1,B cells,0.8472992,B cells
TATACAGAAGAACA-1,CD4 T cells,0.9807587,CD4 T cells
GGGTAACTCTGGAT-1,CD4 T cells,0.8996385,CD4 T cells
AGTACGTGAGGGTG-1,CD4 T cells,0.9785074,CD4 T cells
ACAATCCTTAGCGT-1,B cells,0.9593674,B cells
CGGAATTGGTTTGG-1,CD4 T cells,0.87837225,CD4 T cells
AAGATTACCTCAAG-1,NK cells,0.6230738,NK cells
GGACCGTGGGAACG-1,CD14+ Monocytes,0.5481662,Dendritic cells
ACTATCACCTTGGA-1,CD8 T cells,0.741525,CD8 T cells
ATGTACCTCAGTCA-1,CD4 T cells,0.7343056,CD4 T cells
CTCGAGCTCTGGAT-1,CD8 T cells,0.4677708,CD8 T cells
ATTTCCGAGATGAA-1,CD4 T cells,0.9793562,CD4 T cells
CAGCGTCTTATCGG-1,CD4 T cells,0.9699781,CD4 T cells
CTAAGGTGTTTCTG-1,CD4 T cells,0.7878231,CD4 T cells
ACTCCTCTCAACTG-1,CD4 T cells,0.9853147,CD4 T cells
AACCTTTGGACGGA-1,CD4 T cells,0.99550337,CD4 T cells
ATCTGGGAAGTGTC-1,CD14+ Monocytes,0.68419784,CD14+ Monocytes
CACCTGACACCCAA-1,CD8 T cells,0.7082557,CD8 T cells
CGGAGGCTTGGATC-1,CD4 T cells,0.97313684,CD4 T cells
CGAGTATGTCACCC-1,CD14+ Monocytes,0.32211265,FCGR3A+ Monocytes
CAAAGCACCGTAAC-1,B cells,0.9277942,B cells
CATCATACCGCATA-1,CD14+ Monocytes,0.818962,CD14+ Monocytes
TACGGAACGCGTTA-1,B cells,0.9116426,B cells
TAGCATCTCCCTCA-1,CD4 T cells,0.76873237,CD4 T cells
GGCGACACTGCCCT-1,CD4 T cells,0.53070503,CD8 T cells
ACCCAGCTTGCTTT-1,CD4 T cells,0.9934121,CD4 T cells
CATCAGGACTTCCG-1,NK cells,0.54908574,NK cells
TGTGAGTGACCACA-1,CD4 T cells,0.96800494,CD4 T cells
TCTGATACACGTGT-1,CD4 T cells,0.9450286,CD4 T cells
CCTATAACTCAGAC-1,CD4 T cells,0.9788746,CD4 T cells
CAAGGTTGTCATTC-1,B cells,0.9206701,B cells
AGTACGTGCTGCAA-1,CD4 T cells,0.97679454,CD4 T cells
TAGAAACTGCTTCC-1,CD14+ Monocytes,0.82325935,CD14+ Monocytes
GTAGCAACGGTAGG-1,CD14+ Monocytes,0.7257859,CD14+ Monocytes
AGATTCCTATCGTG-1,CD4 T cells,0.9817177,CD4 T cells
ACATGGTGCAACCA-1,B cells,0.83850336,B cells
GACAGGGAATGCCA-1,CD4 T cells,0.9805684,CD4 T cells
CTAACTACGGCAAG-1,CD8 T cells,0.5863236,CD8 T cells
AAGATTACAACCTG-1,CD4 T cells,0.98385644,CD4 T cells
GGTACATGAAAGCA-1,B cells,0.8246497,B cells
GTTGACGAGCCCTT-1,CD8 T cells,0.70527154,NK cells
TGGTTACTGTTCTT-1,CD4 T cells,0.9897445,CD4 T cells
CGCTACTGTGAGCT-1,CD4 T cells,0.9363915,CD4 T cells
TAGTCTTGGGACTT-1,CD4 T cells,0.37780222,CD4 T cells
GGGCCAACCTTGGA-1,B cells,0.51957256,Dendritic cells
TAGGAGCTGAGGGT-1,CD4 T cells,0.97593653,CD4 T cells
GGTCTAGATAGCGT-1,CD14+ Monocytes,0.8140606,CD14+ Monocytes
TCTAACACCAGTTG-1,NK cells,0.57384837,NK cells
GCACCACTCATGAC-1,CD14+ Monocytes,0.43233553,CD14+ Monocytes
AATTCCTGCTCAGA-1,B cells,0.94992423,B cells
TATACCACCTGATG-1,B cells,0.9199958,B cells
CTAGTTACCAGAGG-1,CD4 T cells,0.94420797,CD4 T cells
CATAAAACGGAGCA-1,CD14+ Monocytes,0.8600314,CD14+ Monocytes
CCAGTGCTCGTAGT-1,CD4 T cells,0.9214699,CD4 T cells
CTGACAGAATCGTG-1,CD8 T cells,0.72979426,CD8 T cells
GATATCCTAGAAGT-1,CD4 T cells,0.99343044,CD4 T cells
TTCGTATGTCCTTA-1,CD14+ Monocytes,0.7825357,CD14+ Monocytes
GAGTGACTCTTGCC-1,B cells,0.94578606,B cells
AAGATTACCCGTTC-1,CD14+ Monocytes,0.86068785,CD14+ Monocytes
AACCTACTGTGTTG-1,CD4 T cells,0.98569006,CD4 T cells
GGGAAGTGTTGAGC-1,CD14+ Monocytes,0.7972625,CD14+ Monocytes
GCTACGCTAGAATG-1,CD4 T cells,0.98297715,CD4 T cells
ATGTAAACTTCACT-1,CD14+ Monocytes,0.841277,CD14+ Monocytes
GCGCGATGGTGCAT-1,CD8 T cells,0.662418,NK cells
CTTCATGAAGTACC-1,CD4 T cells,0.98060536,CD4 T cells
CGCACTACATTGGC-1,CD4 T cells,0.9651661,CD4 T cells
TACTCCCTCAGTTG-1,CD4 T cells,0.78355676,CD4 T cells
ATAAGTACGAATGA-1,B cells,0.9398419,B cells
AGCGGGCTTGCCAA-1,CD4 T cells,0.9481684,CD4 T cells
CGGCATCTTCGTAG-1,CD14+ Monocytes,0.7952072,CD14+ Monocytes
GGACAGGATCTCGC-1,CD4 T cells,0.94885975,CD4 T cells
ACGCAATGGTTCAG-1,NK cells,0.49856082,NK cells
AAGCACTGCATACG-1,CD4 T cells,0.5195448,CD8 T cells
AATCGGTGGAACTC-1,CD8 T cells,0.7038503,CD8 T cells
TTGAGGACAGAACA-1,CD14+ Monocytes,0.8480897,CD14+ Monocytes
ACTGAGACGTTGGT-1,B cells,0.90957934,B cells
AGTCGAACCAACCA-1,CD4 T cells,0.97490793,CD4 T cells
CCGCGAGAGGTTCA-1,CD8 T cells,0.6976691,CD8 T cells
CTGGATGATGTGAC-1,B cells,0.7042437,B cells
CAAAGCTGTTGCTT-1,CD14+ Monocytes,0.7464309,CD14+ Monocytes
GTTAGTCTAAGAAC-1,CD8 T cells,0.42536864,CD8 T cells
CCCAGACTGCCTTC-1,CD14+ Monocytes,0.76836324,CD14+ Monocytes
GCTACCTGATCACG-1,CD4 T cells,0.9636622,CD4 T cells
GCCCAACTACCGAT-1,CD4 T cells,0.9889164,CD4 T cells
CTAAGGACCGTTAG-1,CD4 T cells,0.99528,CD4 T cells
CCCAGACTGGTTTG-1,B cells,0.9374215,B cells
AGGTCTGATTCTCA-1,CD14+ Monocytes,0.5080054,CD14+ Monocytes
CCATCCGAACGACT-1,CD4 T cells,0.56460834,CD8 T cells
ATCAAATGAGCCTA-1,CD14+ Monocytes,0.84030986,CD14+ Monocytes
TGCCACTGCGATAC-1,CD8 T cells,0.5185338,NK cells
GACTGATGTGATGC-1,CD4 T cells,0.9915023,CD4 T cells
TTAACCACTAAGGA-1,CD8 T cells,0.5568534,CD8 T cells
GAGGCAGACTTGCC-1,CD8 T cells,0.70502067,CD8 T cells
ATCCAGGACGCTAA-1,FCGR3A+ Monocytes,0.35568506,FCGR3A+ Monocytes
CGTGTAGAAAAACG-1,CD4 T cells,0.9649031,CD4 T cells
GCAGTCCTAACTGC-1,CD4 T cells,0.92998636,CD4 T cells
CGCGATCTTTCTTG-1,B cells,0.87873924,B cells
GGTACATGGTTACG-1,CD4 T cells,0.8689667,CD8 T cells
TATGTCACTAACCG-1,CD14+ Monocytes,0.49290654,CD14+ Monocytes
TGAGTCGAGTTACG-1,B cells,0.9552928,B cells
GACTGAACCAATCG-1,CD14+ Monocytes,0.8115263,CD14+ Monocytes
GACGTAACTATGGC-1,CD4 T cells,0.94636405,CD4 T cells
TCAATCACACTCTT-1,CD8 T cells,0.73322624,CD8 T cells
TGATCGGATATGCG-1,CD14+ Monocytes,0.33576566,FCGR3A+ Monocytes
TTACACACGTGTTG-1,CD4 T cells,0.91383016,CD4 T cells
GTCCACTGACCTCC-1,CD4 T cells,0.9569712,CD8 T cells
AATGGAGATCCTTA-1,CD8 T cells,0.46640602,CD8 T cells
CTATTGACGGTGAG-1,CD14+ Monocytes,0.5723498,FCGR3A+ Monocytes
CTTAACACCTGTAG-1,CD4 T cells,0.99643123,CD4 T cells
GGAGAGACGTGAGG-1,CD4 T cells,0.81623757,B cells
CTATACTGAGGTTC-1,CD14+ Monocytes,0.5921453,CD14+ Monocytes
TGATTAGACATTGG-1,CD4 T cells,0.9517316,CD4 T cells
GTTGAGTGTGCTTT-1,CD4 T cells,0.93508685,CD4 T cells
AGGGAGTGAGCCTA-1,CD4 T cells,0.81843597,CD4 T cells
TCATTCGATACAGC-1,CD14+ Monocytes,0.3755713,FCGR3A+ Monocytes
TGTATGCTGTAGGG-1,CD4 T cells,0.74852777,CD4 T cells
AAATTCGAATCACG-1,CD14+ Monocytes,0.8544961,CD14+ Monocytes
GAGAAATGTTCTCA-1,B cells,0.8395774,B cells
CGCTAAGACCCTTG-1,CD4 T cells,0.95866543,CD4 T cells
ACCTCCGAGTCCTC-1,CD4 T cells,0.9783492,CD4 T cells
GTCTAGGAGCTTCC-1,CD14+ Monocytes,0.88064605,CD14+ Monocytes
TATCGACTCGATAC-1,CD14+ Monocytes,0.37337437,CD14+ Monocytes
ACAGTGACTCACCC-1,CD4 T cells,0.8201758,CD8 T cells
GCTTAACTACAGTC-1,CD14+ Monocytes,0.7364276,CD14+ Monocytes
CGCCTAACTGCTCC-1,CD4 T cells,0.92142123,CD4 T cells
CGAAGACTGTTACG-1,CD4 T cells,0.96240216,CD4 T cells
TTGGGAACTGAACC-1,CD4 T cells,0.96165377,CD4 T cells
TTCTGATGGAGACG-1,NK cells,0.56594455,NK cells
CAACCGCTTTGAGC-1,CD4 T cells,0.9636427,CD4 T cells
GATCCGCTGGTCAT-1,CD14+ Monocytes,0.90645075,CD14+ Monocytes
GCCTACACAGTTCG-1,NK cells,0.52104574,NK cells
AAGGTCTGACAGTC-1,CD4 T cells,0.9717672,CD4 T cells
AATCCGGAATGCTG-1,B cells,0.9715256,B cells
AGCTGCCTTGGGAG-1,CD14+ Monocytes,0.54612124,CD14+ Monocytes
TGGTAGTGCACTGA-1,CD14+ Monocytes,0.40458032,CD14+ Monocytes
GATGCCCTGGCAAG-1,CD14+ Monocytes,0.78537923,CD14+ Monocytes
CACTGCTGAGACTC-1,FCGR3A+ Monocytes,0.29982367,FCGR3A+ Monocytes
TATTTCCTGGTGTT-1,CD4 T cells,0.96508604,CD4 T cells
TTCAGTACCGACTA-1,CD4 T cells,0.98952544,CD4 T cells
ATAACCCTTGGTAC-1,CD4 T cells,0.99027187,CD4 T cells
TAGCATCTGGGACA-1,CD4 T cells,0.9934237,CD4 T cells
GGAATCTGAAGGGC-1,CD4 T cells,0.8622098,CD4 T cells
ATGAAGGACTTGCC-1,NK cells,0.511273,NK cells
ATTGATGATCTATC-1,CD4 T cells,0.9456376,CD4 T cells
AGTCTTACTTCGGA-1,Megakaryocytes,0.39488316,Megakaryocytes
AGTACTCTACGTGT-1,B cells,0.93048376,B cells
CGCACTACAGCCAT-1,CD4 T cells,0.97924656,CD4 T cells
TTCGTATGGTCTGA-1,CD4 T cells,0.9857819,CD4 T cells
AGCTGAACCATACG-1,FCGR3A+ Monocytes,0.3093898,FCGR3A+ Monocytes
TGAGACACAAGGTA-1,CD4 T cells,0.9689315,CD4 T cells
AACCCAGATCGCTC-1,CD4 T cells,0.98227006,CD4 T cells
GATAGAGAAGGGTG-1,CD8 T cells,0.67058617,NK cells
TACTACTGAACCTG-1,CD14+ Monocytes,0.82213867,CD14+ Monocytes
GCAACCCTCCTCGT-1,CD14+ Monocytes,0.6405628,CD14+ Monocytes
TATGAATGGAGGAC-1,CD8 T cells,0.5885524,NK cells
GAACGGGATACTTC-1,CD4 T cells,0.9882813,CD4 T cells
TGAGCTGACTGGAT-1,CD14+ Monocytes,0.86368895,CD14+ Monocytes
GCACTAGAACGGGA-1,CD4 T cells,0.90116674,CD4 T cells
TGTCAGGAATACCG-1,CD4 T cells,0.9858122,CD4 T cells
AGACTTCTCATGCA-1,B cells,0.8693225,B cells
AACGTGTGTGCTTT-1,CD4 T cells,0.9846133,CD4 T cells
CGATCAGAGAGGGT-1,CD4 T cells,0.9093621,CD4 T cells
AGGCCTCTCGGAGA-1,CD4 T cells,0.984923,CD4 T cells
CCGTACACGTTGGT-1,CD14+ Monocytes,0.84553325,CD14+ Monocytes
TATAGATGTTCCGC-1,CD14+ Monocytes,0.3546553,FCGR3A+ Monocytes
GACGTCCTCTCAAG-1,CD14+ Monocytes,0.7811253,CD14+ Monocytes
GGCGACTGCGTAAC-1,CD4 T cells,0.96300364,CD4 T cells
GGGCAAGATGCATG-1,CD14+ Monocytes,0.77035016,CD14+ Monocytes
TAAGATTGTTGCTT-1,CD4 T cells,0.9053079,CD4 T cells
AAACCGTGCTTCCG-1,CD14+ Monocytes,0.6039131,CD14+ Monocytes
ACCGTGCTACCAGT-1,CD4 T cells,0.98049384,CD4 T cells
GTAAGCACTCATTC-1,B cells,0.8942136,B cells
CGAAGACTGGAACG-1,CD8 T cells,0.72120297,CD8 T cells
CTGAAGACGTGCAT-1,B cells,0.9813913,B cells
GCACCACTTTCGGA-1,CD14+ Monocytes,0.85575545,CD14+ Monocytes
CCCTGATGCAAGCT-1,B cells,0.8984042,B cells
CTATAGCTTCGCTC-1,CD14+ Monocytes,0.8008968,CD14+ Monocytes
TGATTAGATGACTG-1,B cells,0.90815824,B cells
CTAAGGTGTTGCAG-1,CD4 T cells,0.96414566,CD4 T cells
TAGAATTGTATCGG-1,CD4 T cells,0.9848787,CD4 T cells
CGTAGCCTGCGAAG-1,CD4 T cells,0.9860023,CD4 T cells
TCGAGCCTTGTGAC-1,CD4 T cells,0.96216327,CD4 T cells
GAAAGATGATTTCC-1,CD4 T cells,0.9775802,CD4 T cells
AAACTTGATCCAGA-1,CD4 T cells,0.97887737,CD4 T cells
TACTACTGATTCTC-1,CD4 T cells,0.9940317,CD4 T cells
GCGAAGGATGCCAA-1,CD4 T cells,0.9699293,CD4 T cells
GGCCGAACGTAGGG-1,CD4 T cells,0.9755922,CD4 T cells
CTGAGAACGTAAAG-1,CD8 T cells,0.55999684,NK cells
CATCATACTCAAGC-1,CD4 T cells,0.9913522,CD4 T cells
TGGATCGATAAAGG-1,CD4 T cells,0.975629,CD4 T cells
ATGAGAGAAAGTGA-1,CD4 T cells,0.932945,CD4 T cells
AGATTCCTCACTTT-1,CD14+ Monocytes,0.876833,CD14+ Monocytes
ACCCACTGTCGTAG-1,CD14+ Monocytes,0.8526524,CD14+ Monocytes
GATATATGTGGAGG-1,CD4 T cells,0.5476348,CD4 T cells
ACCTTTGAGGAACG-1,CD14+ Monocytes,0.8019794,CD14+ Monocytes
TGGGTATGGTACGT-1,B cells,0.8230063,B cells
TACTAAGATGATGC-1,CD14+ Monocytes,0.8731531,CD14+ Monocytes
TTTAGCTGTACTCT-1,B cells,0.64310884,Dendritic cells
CACCGTACTAGCGT-1,CD4 T cells,0.9851328,CD4 T cells
GAGTTGTGGTAGCT-1,Megakaryocytes,0.36000985,Megakaryocytes
TTACTCGAGGGTGA-1,CD4 T cells,0.99364436,CD4 T cells
CACCGGGACGAGAG-1,CD8 T cells,0.6782267,CD8 T cells
CATCAGGATCCTAT-1,FCGR3A+ Monocytes,0.35445124,FCGR3A+ Monocytes
GGGCACACGTTGCA-1,CD4 T cells,0.9858385,CD4 T cells
ACTACGGAATTTCC-1,CD4 T cells,0.9191326,CD4 T cells
CAATCGGAGAAACA-1,CD4 T cells,0.9602685,CD4 T cells
GCCTAGCTTCTCAT-1,CD4 T cells,0.957583,CD4 T cells
GAGTGTTGTGGTCA-1,CD4 T cells,0.98779744,CD4 T cells
TCCATCCTCCCTAC-1,CD8 T cells,0.6769677,CD8 T cells
TGCGATGAACGGTT-1,CD4 T cells,0.9186563,CD4 T cells
CCATCGTGAACGGG-1,CD4 T cells,0.9331362,CD4 T cells
TCCTACCTGTCGTA-1,CD4 T cells,0.9307421,CD4 T cells
CAGACTGAGTATGC-1,CD4 T cells,0.9886297,CD4 T cells
GTTGACGATATCGG-1,NK cells,0.6472433,NK cells
AGGGCGCTAACCAC-1,CD4 T cells,0.5073192,CD14+ Monocytes
TGAATAACCACTTT-1,CD4 T cells,0.99497485,CD4 T cells
CACGGGACAGAGTA-1,CD4 T cells,0.9842204,CD4 T cells
AGAACGCTTTGCTT-1,CD4 T cells,0.9768593,CD4 T cells
ATGAAGGAACAGCT-1,CD4 T cells,0.56217116,CD8 T cells
CTCAATTGGTTGCA-1,CD14+ Monocytes,0.87207216,CD14+ Monocytes
GCACCTTGGGGAGT-1,CD14+ Monocytes,0.7064134,CD14+ Monocytes
GATCTTACGAGATA-1,CD14+ Monocytes,0.82224834,CD14+ Monocytes
AGGCCTCTAGTCGT-1,CD4 T cells,0.9897982,CD4 T cells
TATCCAACCAGCTA-1,CD14+ Monocytes,0.7421737,CD14+ Monocytes
AGCCAATGTATCTC-1,CD4 T cells,0.9888996,CD4 T cells
GCAAGACTACTGGT-1,CD4 T cells,0.9917368,CD8 T cells
TCCCGATGAGATCC-1,CD4 T cells,0.97611076,CD4 T cells
GACCAAACGTATCG-1,CD14+ Monocytes,0.8456703,CD14+ Monocytes
CGGTCACTGTTTGG-1,CD4 T cells,0.9227371,CD4 T cells
ATCGCAGAGTGTCA-1,B cells,0.90482277,B cells
TACTACTGATGTCG-1,CD8 T cells,0.6364059,CD8 T cells
CGAGAACTTGTTCT-1,CD14+ Monocytes,0.90130395,CD14+ Monocytes
AAAGAGACGCGAGA-1,CD14+ Monocytes,0.8267486,CD14+ Monocytes
CACGCTACAGAAGT-1,CD4 T cells,0.9318614,CD4 T cells
ATCAACCTAAACGA-1,CD4 T cells,0.96856254,CD4 T cells
CATGCCACGGGTGA-1,CD4 T cells,0.8884738,CD4 T cells
AAGATTACTCCTCG-1,CD14+ Monocytes,0.54993117,CD14+ Monocytes
GCCGTACTACCTGA-1,CD4 T cells,0.95705783,CD4 T cells
TCACATACACTTTC-1,CD4 T cells,0.9218519,CD8 T cells
TTCCTAGACTAGTG-1,FCGR3A+ Monocytes,0.33563796,FCGR3A+ Monocytes
TAGCCCTGCGGAGA-1,CD4 T cells,0.6622022,CD8 T cells
AGTTATGACTGAGT-1,CD4 T cells,0.96617806,CD4 T cells
ATCGTTTGCCTACC-1,CD14+ Monocytes,0.8626499,CD14+ Monocytes
ATCGGTGAGTCAAC-1,CD4 T cells,0.9755009,CD4 T cells
TAGATTGAGGCATT-1,CD8 T cells,0.39616457,CD8 T cells
GTAGCTGAAGCTAC-1,FCGR3A+ Monocytes,0.30254522,FCGR3A+ Monocytes
TACTCTGATTGACG-1,B cells,0.96602714,B cells
ACGAACTGGCTATG-1,CD4 T cells,0.4948448,Megakaryocytes
TAAGGCTGCCATGA-1,CD4 T cells,0.5012576,CD8 T cells
GATATTGACAGGAG-1,CD4 T cells,0.61944604,CD4 T cells
AGGTGGGAAGTTCG-1,CD4 T cells,0.9835015,CD4 T cells
TCGCAGCTAGATCC-1,CD8 T cells,0.51558465,CD8 T cells
TTCAGTACTCCTAT-1,CD14+ Monocytes,0.81744635,CD14+ Monocytes
CTTTAGTGGGTGGA-1,CD4 T cells,0.9438488,CD4 T cells
GGTGGAGATCGATG-1,CD4 T cells,0.9888897,CD4 T cells
AAGCGACTGTGTCA-1,CD4 T cells,0.9620387,CD4 T cells
CTGGAAACATCGAC-1,CD4 T cells,0.9928732,CD4 T cells
CAACGATGCGCAAT-1,CD14+ Monocytes,0.6471502,FCGR3A+ Monocytes
AATACCCTGGCATT-1,CD4 T cells,0.98793566,CD4 T cells
TGGAAAGAGCGATT-1,CD4 T cells,0.9776015,CD4 T cells
GCATCAGATGCGTA-1,CD4 T cells,0.49006075,CD8 T cells
AGCCACCTGGATCT-1,CD8 T cells,0.70039314,CD8 T cells
GAGTGACTGACTAC-1,B cells,0.85060525,B cells
ACTCAGGACTGAAC-1,CD4 T cells,0.994091,CD4 T cells
ATAGTCCTTGCATG-1,CD4 T cells,0.7643014,CD8 T cells
AAACGCTGACCAGT-1,CD8 T cells,0.5872912,CD8 T cells
CATCAGGATGCACA-1,CD14+ Monocytes,0.66175824,CD14+ Monocytes
CTAAGGTGCCTAAG-1,B cells,0.830257,B cells
CCACCATGGGGAGT-1,CD4 T cells,0.9581571,CD4 T cells
GTAATAACGTTGTG-1,CD4 T cells,0.91306925,CD4 T cells
CTCCGAACAAGTGA-1,FCGR3A+ Monocytes,0.30645433,FCGR3A+ Monocytes
AGAACAGACGACTA-1,B cells,0.8804438,B cells
ACGATTCTACGGGA-1,CD4 T cells,0.6341542,CD4 T cells
TGACTTTGTTTGTC-1,CD4 T cells,0.82411563,CD4 T cells
ACTGTGGATCTAGG-1,CD4 T cells,0.6191293,B cells
AACACGTGGCTACA-1,CD4 T cells,0.9436428,CD4 T cells
CGTAGCCTGTATGC-1,CD14+ Monocytes,0.7000962,FCGR3A+ Monocytes
GCGCACGACTTTAC-1,CD14+ Monocytes,0.81099904,CD14+ Monocytes
TTGAGGACTACGCA-1,B cells,0.52131766,Dendritic cells
ACAAATTGTTGCGA-1,CD8 T cells,0.5416911,NK cells
AACGTGTGTCCAAG-1,CD4 T cells,0.8908655,CD4 T cells
CAACCAGAGTTCAG-1,CD14+ Monocytes,0.8414182,CD14+ Monocytes
GAGGTTACTCGTTT-1,CD14+ Monocytes,0.74217176,CD14+ Monocytes
TGTTACTGGCTACA-1,CD8 T cells,0.6919018,CD8 T cells
GCCGGAACTTACTC-1,CD4 T cells,0.96329194,CD4 T cells
ACCCACTGGACAGG-1,CD4 T cells,0.9000681,CD4 T cells
CATTGACTAGCGGA-1,CD14+ Monocytes,0.8859503,CD14+ Monocytes
CGCACGGATCTTTG-1,CD4 T cells,0.9481195,CD4 T cells
GTTGTACTATTCCT-1,CD14+ Monocytes,0.8661623,CD14+ Monocytes
ACCCACTGCGCCTT-1,CD14+ Monocytes,0.6319066,CD14+ Monocytes
CCAAGAACCCAATG-1,CD4 T cells,0.7650753,CD4 T cells
TGACTTACACACCA-1,CD4 T cells,0.9815216,CD4 T cells
GCAGCTCTCAATCG-1,CD4 T cells,0.95161045,CD4 T cells
AGCTTTACTCTCAT-1,B cells,0.82759297,B cells
TCTAGACTTAGAAG-1,CD14+ Monocytes,0.85463417,CD14+ Monocytes
CGATAGACCGTACA-1,CD4 T cells,0.9877023,CD4 T cells
ATGCAGTGTTACCT-1,B cells,0.89972675,B cells
CAGCTAGATGTGAC-1,CD14+ Monocytes,0.69291794,CD14+ Monocytes
CTAACACTAACGTC-1,CD4 T cells,0.9189292,CD4 T cells
AATAGGGAACCCTC-1,B cells,0.8924545,B cells
ACGAAGCTCTCCAC-1,CD4 T cells,0.8075128,CD4 T cells
CGGATAACAACGAA-1,CD14+ Monocytes,0.8340153,CD14+ Monocytes
GCACTAGACCTTTA-1,CD14+ Monocytes,0.47432086,FCGR3A+ Monocytes
ATGATATGTTGTCT-1,CD14+ Monocytes,0.72288424,CD14+ Monocytes
TTGTCATGGACGGA-1,NK cells,0.55501825,NK cells
TGAGCTGATGCTAG-1,CD14+ Monocytes,0.5308091,CD14+ Monocytes
CCCAGTTGGGTACT-1,CD4 T cells,0.5469409,CD4 T cells
CACCCATGTTCTGT-1,CD8 T cells,0.37651747,CD4 T cells
AGTTATGAACAGTC-1,CD14+ Monocytes,0.90854126,CD14+ Monocytes
TGCGATGACTGCTC-1,B cells,0.9618998,B cells
TTCGGAGATGTGCA-1,CD4 T cells,0.9670838,CD4 T cells
CAGTTACTGATAGA-1,CD4 T cells,0.9759907,CD4 T cells
GTTAGGTGGAACTC-1,B cells,0.89606917,B cells
GCGGAGCTCCTGAA-1,CD4 T cells,0.9925287,CD4 T cells
TTGAATGAACTACG-1,CD14+ Monocytes,0.2987296,FCGR3A+ Monocytes
GTAAGCACAACGGG-1,CD4 T cells,0.984133,CD4 T cells
CAATTCACCCAACA-1,CD8 T cells,0.6202793,CD8 T cells
TGGTATCTCTTCCG-1,CD4 T cells,0.9804017,CD4 T cells
AAGCAAGAGCTTAG-1,CD8 T cells,0.6716991,CD8 T cells
TCATCAACTGTTCT-1,CD14+ Monocytes,0.7132401,CD14+ Monocytes
TACAATGATGCTAG-1,CD4 T cells,0.588431,CD8 T cells
GGCAATACGGCATT-1,CD8 T cells,0.51827115,CD8 T cells
ACTTAGCTGCGTAT-1,FCGR3A+ Monocytes,0.34910345,FCGR3A+ Monocytes
GCTAGAACGGATCT-1,CD4 T cells,0.987722,CD4 T cells
ATGCGCCTTCATTC-1,CD4 T cells,0.983957,CD4 T cells
TAGAAACTAATCGC-1,CD4 T cells,0.9930137,CD4 T cells
CCAGCTACACAGTC-1,CD4 T cells,0.98285943,CD4 T cells
AAGCAAGAGGTGTT-1,CD8 T cells,0.55329597,NK cells
TTTCACGAGGTTCA-1,CD4 T cells,0.9472671,CD4 T cells
CGCCGAGAGCTTAG-1,CD8 T cells,0.5435282,NK cells
CATTGGGACTCGAA-1,CD4 T cells,0.7790449,CD4 T cells
CTAGTTACGAAACA-1,NK cells,0.60516703,NK cells
ACGCCGGAAAGCCT-1,CD4 T cells,0.94144803,CD4 T cells
CTTACAACTAACGC-1,CD4 T cells,0.9867568,CD4 T cells
AGGGTGGAGTTGCA-1,CD8 T cells,0.7274235,CD8 T cells
GGCCGATGCAGGAG-1,CD4 T cells,0.98983955,CD4 T cells
TGAGACACTCAAGC-1,CD8 T cells,0.5134667,CD8 T cells
GTAGCCCTGACGTT-1,CD4 T cells,0.91699874,CD4 T cells
ACGTCGCTCCTGAA-1,CD8 T cells,0.76637757,NK cells
CACGGGTGGAGGAC-1,CD8 T cells,0.5639441,CD8 T cells
TGTAACCTAGAGGC-1,CD4 T cells,0.98133606,CD4 T cells
CATATAGACTAAGC-1,CD14+ Monocytes,0.44102088,Dendritic cells
ATTAACGATGCAAC-1,CD8 T cells,0.72575694,CD8 T cells
ATACGGACAGACTC-1,CD14+ Monocytes,0.6589394,CD14+ Monocytes
ATTAAGACTGCAGT-1,CD4 T cells,0.98235726,CD4 T cells
ATGCGATGGTTACG-1,B cells,0.7099284,B cells
CAGAAGCTCTCAAG-1,CD4 T cells,0.99045384,CD4 T cells
AGTTATGAGTTCAG-1,CD4 T cells,0.9724501,CD4 T cells
TACGTACTACGGAG-1,CD4 T cells,0.96912676,CD8 T cells
GTATCACTGGTAGG-1,CD14+ Monocytes,0.87818587,CD14+ Monocytes
CGGACCGATGCGTA-1,CD8 T cells,0.7234847,CD8 T cells
GACTTTACATGCCA-1,CD4 T cells,0.98987997,CD4 T cells
TAAGATTGCGTAGT-1,CD4 T cells,0.9707884,CD4 T cells
GCACAATGGTGCAT-1,CD14+ Monocytes,0.74318343,Dendritic cells
ATTCGGGAAAGGCG-1,CD14+ Monocytes,0.47715113,CD14+ Monocytes
AACATTGATGGGAG-1,CD14+ Monocytes,0.32263538,FCGR3A+ Monocytes
CCAGCTACCAGCTA-1,B cells,0.8660094,B cells
TACACACTCACACA-1,CD4 T cells,0.9880287,CD4 T cells
ATTTCCGAGTGCTA-1,CD4 T cells,0.9419684,CD4 T cells
GGTAGTACTGTCTT-1,CD4 T cells,0.8892291,CD8 T cells
TGGACTGAGTATGC-1,CD4 T cells,0.9846874,CD4 T cells
TTCATTCTTCTCTA-1,CD4 T cells,0.9261035,CD4 T cells
GGCTAATGAGCACT-1,CD4 T cells,0.46869037,CD8 T cells
GGACCGTGTAACGC-1,CD4 T cells,0.9365842,CD4 T cells
TGTTACACCGCATA-1,CD14+ Monocytes,0.4319504,FCGR3A+ Monocytes
CACAGCCTTGCCAA-1,CD14+ Monocytes,0.34820065,FCGR3A+ Monocytes
GTCAATCTGTAGCT-1,CD8 T cells,0.78383934,CD8 T cells
AGCCTCTGCCAATG-1,CD8 T cells,0.5403075,NK cells
AGTAAGGATTCTTG-1,CD4 T cells,0.89324313,CD4 T cells
CGTACCACGGAGCA-1,CD4 T cells,0.9783211,CD4 T cells
TTCATCGAGGTGGA-1,CD14+ Monocytes,0.7990413,CD14+ Monocytes
TAACTAGATCTGGA-1,CD4 T cells,0.98777235,CD4 T cells
CACTAACTCCTAAG-1,B cells,0.8991334,B cells
TGAGGACTTCATTC-1,CD4 T cells,0.9923447,CD4 T cells
ATGTACCTTTATCC-1,CD14+ Monocytes,0.80025107,CD14+ Monocytes
AAGCCATGTCTCGC-1,CD8 T cells,0.40246645,CD4 T cells
TACTGTTGAAAGCA-1,CD4 T cells,0.9923814,CD4 T cells
CAAAGCACAGCTCA-1,CD4 T cells,0.97822887,CD4 T cells
AAGCACTGGTTCTT-1,B cells,0.5983907,B cells
CGAGGGCTCGAATC-1,CD4 T cells,0.6363271,CD4 T cells
ATAGGAGAAACAGA-1,CD14+ Monocytes,0.7997807,CD14+ Monocytes
CTTTAGACGATACC-1,CD4 T cells,0.9797906,CD4 T cells
GCTGATGAGGTATC-1,CD14+ Monocytes,0.79726446,CD14+ Monocytes
CGGACTCTCCAATG-1,CD4 T cells,0.9117618,CD4 T cells
TAGTAAACCTCGCT-1,CD4 T cells,0.99257636,CD4 T cells
TAGGCATGCTCTCG-1,B cells,0.4152974,Dendritic cells
GCGATATGGTGTTG-1,CD4 T cells,0.95994025,CD4 T cells
TACCGGCTGTTGGT-1,CD4 T cells,0.97338086,CD4 T cells
ACGTTGGATATGGC-1,B cells,0.8099446,B cells
TAACCGGACTTACT-1,CD4 T cells,0.9477186,CD4 T cells
AATGATACGGTCAT-1,CD14+ Monocytes,0.6455665,CD14+ Monocytes
GACGGCACACGGGA-1,NK cells,0.6479571,NK cells
TGAGGACTCTCATT-1,CD14+ Monocytes,0.8791583,CD14+ Monocytes
CACGGGACATAAGG-1,CD4 T cells,0.9851891,CD4 T cells
AGAGATGACAGTCA-1,B cells,0.9047211,B cells
GAGTTGTGCTGAGT-1,CD8 T cells,0.71361494,CD8 T cells
ATGTACCTTTCACT-1,CD8 T cells,0.7043928,CD8 T cells
GCACACCTGTGCTA-1,NK cells,0.50585556,NK cells
CAGCCTTGCTACCC-1,CD14+ Monocytes,0.8046681,CD14+ Monocytes
ACGAGGGATGTAGC-1,CD4 T cells,0.95891666,CD4 T cells
CCCAGACTTTCGCC-1,FCGR3A+ Monocytes,0.29277357,FCGR3A+ Monocytes
ACGATGACAATGCC-1,CD4 T cells,0.9691711,CD4 T cells
TTCTAGTGGAGAGC-1,CD8 T cells,0.53773147,NK cells
AATCTCTGCTTTAC-1,NK cells,0.54728097,NK cells
TATGTCACTTCTCA-1,B cells,0.9270361,B cells
TATCTGACTGTTTC-1,CD4 T cells,0.439967,CD8 T cells
TTTCTACTTCCTCG-1,B cells,0.9340888,B cells
AGTGACTGCAACTG-1,CD4 T cells,0.41686812,FCGR3A+ Monocytes
AGTCTACTAGGGTG-1,CD14+ Monocytes,0.7185866,CD14+ Monocytes
TGTGAGTGAGTGCT-1,CD14+ Monocytes,0.4714581,CD14+ Monocytes
CTTGTATGCGCAAT-1,B cells,0.87827057,B cells
TGCAAGTGGGTAGG-1,CD14+ Monocytes,0.7330121,CD14+ Monocytes
TGACACGACCTTAT-1,B cells,0.867928,B cells
AAACGCTGTTTCTG-1,FCGR3A+ Monocytes,0.27827328,FCGR3A+ Monocytes
TACGATCTTACGAC-1,CD4 T cells,0.885769,CD4 T cells
ATCTGTTGAACGGG-1,CD4 T cells,0.92468923,CD4 T cells
ACGCGGTGTTTGCT-1,CD8 T cells,0.6597175,CD8 T cells
CCGCTATGTGCACA-1,CD14+ Monocytes,0.8945301,CD14+ Monocytes
CAGCATGACAACCA-1,CD14+ Monocytes,0.8829651,CD14+ Monocytes
CCAAGTGAGGAACG-1,CD4 T cells,0.9653652,CD4 T cells
GGCATATGTGTGAC-1,CD4 T cells,0.98276454,CD8 T cells
ATAGCGTGTCTCTA-1,CD4 T cells,0.98169947,CD4 T cells
ACAGTGACTCTATC-1,CD4 T cells,0.6600422,CD8 T cells
CCAGGTCTATGGTC-1,CD4 T cells,0.93849814,CD4 T cells
TCAGGATGAAGTAG-1,CD4 T cells,0.99083143,CD4 T cells
ATACCACTCGTACA-1,CD14+ Monocytes,0.86969703,CD14+ Monocytes
TGATATGAACCTTT-1,CD4 T cells,0.9955076,CD4 T cells
CTATGTACGAGAGC-1,CD4 T cells,0.98399496,CD4 T cells
GGGACCACTCGTGA-1,CD4 T cells,0.9762562,CD4 T cells
TTACGTACGTTCAG-1,Megakaryocytes,0.37261802,Megakaryocytes
GCAGGGCTAAGGGC-1,CD4 T cells,0.99288964,CD4 T cells
GAAGTAGATCCAAG-1,FCGR3A+ Monocytes,0.3525233,FCGR3A+ Monocytes
TGCCGACTCTCCCA-1,B cells,0.90392566,B cells
GTAACGTGATCGGT-1,B cells,0.89411134,B cells
AAGGCTTGCGAACT-1,CD8 T cells,0.72207046,CD8 T cells
AAGCCATGCGTGAT-1,CD4 T cells,0.98894054,CD4 T cells
ACGCTCACAGTACC-1,CD4 T cells,0.9800465,CD4 T cells
CTCGACTGGGTGAG-1,CD4 T cells,0.98873025,CD4 T cells
ATAGTTGAGACGTT-1,CD4 T cells,0.7521431,CD4 T cells
TTATGAGAGATAAG-1,CD4 T cells,0.6687636,CD4 T cells
TACTCTGACGAGTT-1,CD4 T cells,0.9458244,CD4 T cells
CATTACACCAACTG-1,NK cells,0.53072196,NK cells
ATACGGACTCTGGA-1,CD14+ Monocytes,0.76347363,CD14+ Monocytes
TTAGTCACCAGTTG-1,CD4 T cells,0.9844678,CD4 T cells
TCCTAAACATCGAC-1,CD4 T cells,0.71074104,CD4 T cells
AGCACAACAGTCTG-1,CD4 T cells,0.8159378,CD4 T cells
ATAATCGATGGTTG-1,CD4 T cells,0.97803307,CD4 T cells
CGATAGACCCGTAA-1,CD14+ Monocytes,0.64778817,CD14+ Monocytes
ATACCGGAGGTGTT-1,CD14+ Monocytes,0.8470888,CD14+ Monocytes
TTCAAAGATAAAGG-1,CD4 T cells,0.76140016,CD8 T cells
ATTGATGAGCGAAG-1,CD4 T cells,0.9429312,CD4 T cells
GCGAAGGAACTCTT-1,CD4 T cells,0.7038344,CD4 T cells
TTCTCAGAAGAGAT-1,CD4 T cells,0.9869164,CD4 T cells
CTACTATGAACCAC-1,CD14+ Monocytes,0.7547865,CD14+ Monocytes
AATCCTTGGTGAGG-1,NK cells,0.5899601,NK cells
GCAGGGCTTGGGAG-1,CD8 T cells,0.60790515,CD8 T cells
CAGTGATGGACGGA-1,B cells,0.95622736,B cells
CTTTGATGTGTGGT-1,CD4 T cells,0.9878456,CD4 T cells
CGCGAGACAGGTCT-1,B cells,0.95710915,B cells
GAGTCTGATTTGGG-1,B cells,0.8850575,B cells
CCTTAATGCCCAAA-1,B cells,0.92162293,B cells
GTCAATCTTGTGGT-1,CD4 T cells,0.9930211,CD4 T cells
CACTTTGACTCTAT-1,CD8 T cells,0.5855029,CD8 T cells
ACCATTTGTCATTC-1,CD4 T cells,0.9634881,CD4 T cells
AGGAGTCTGGTTTG-1,CD4 T cells,0.981585,CD4 T cells
ACTTGTACCTGTCC-1,CD4 T cells,0.95256007,CD4 T cells
CTTTAGACGAGACG-1,CD4 T cells,0.87686455,CD4 T cells
AGCTGAACCTCTCG-1,CD4 T cells,0.981767,CD4 T cells
TCTCTAGAATTTCC-1,CD4 T cells,0.93291306,CD4 T cells
CGGTCACTTACTTC-1,CD4 T cells,0.982255,CD4 T cells
TACTTGACTCCTCG-1,CD8 T cells,0.5334409,CD8 T cells
GGTACATGAGCTCA-1,CD4 T cells,0.738265,CD4 T cells
ATACGGACTATGCG-1,B cells,0.7572606,B cells
GGAGGATGTCAGTG-1,CD14+ Monocytes,0.8617841,CD14+ Monocytes
CTTACAACTCCCGT-1,CD14+ Monocytes,0.8036473,CD14+ Monocytes
ATGCTTTGGGCGAA-1,CD8 T cells,0.61503303,CD8 T cells
CCGATAGAGTTGGT-1,CD14+ Monocytes,0.6862052,CD14+ Monocytes
GTAGTGACCTCATT-1,CD4 T cells,0.9596821,CD4 T cells
TCCTAAACCGAGAG-1,CD4 T cells,0.9503221,CD4 T cells
AGACCTGAGGAAGC-1,CD8 T cells,0.76095754,CD8 T cells
AGGTTCGAACGTAC-1,CD14+ Monocytes,0.7839625,CD14+ Monocytes
GCTAGATGGCGATT-1,CD8 T cells,0.4695595,CD8 T cells
AGAGATGATCTCGC-1,B cells,0.7723226,B cells
AGCCGGTGCCAATG-1,CD4 T cells,0.89763606,CD4 T cells
TTTATCCTGTTGTG-1,CD14+ Monocytes,0.54319364,CD14+ Monocytes
ACTCAGGATCTATC-1,B cells,0.9595499,B cells
CTTTGATGAGCACT-1,CD4 T cells,0.9573449,CD4 T cells
ACGGAGGACTCTTA-1,CD14+ Monocytes,0.88125664,CD14+ Monocytes
TAAGAGGACTAAGC-1,B cells,0.90416473,B cells
ATGTAAACACCTCC-1,CD4 T cells,0.98965293,CD4 T cells
ATTACCTGGAGGAC-1,CD14+ Monocytes,0.43685314,FCGR3A+ Monocytes
TCAGCGCTGGTATC-1,CD8 T cells,0.7014855,CD8 T cells
GTAACGTGACCTCC-1,CD14+ Monocytes,0.8805535,CD14+ Monocytes
CCCTACGAATTGGC-1,CD14+ Monocytes,0.8681766,CD14+ Monocytes
ACAGTCGACCGATA-1,CD8 T cells,0.7351171,CD8 T cells
ACGAGTACCCTAAG-1,B cells,0.9497936,B cells
TTCAACACAACAGA-1,CD4 T cells,0.9921468,CD4 T cells
ATTTAGGACAGAGG-1,CD4 T cells,0.9916358,CD4 T cells
CAGTGATGGCTAAC-1,CD8 T cells,0.64460576,CD8 T cells
GAGATCACGACAAA-1,FCGR3A+ Monocytes,0.2754623,FCGR3A+ Monocytes
ACACCCTGGTGTTG-1,NK cells,0.5983734,NK cells
CACCACTGCCAACA-1,CD4 T cells,0.9812727,CD4 T cells
GTATCTACAGAAGT-1,CD8 T cells,0.7677228,CD8 T cells
CATGCGCTAGTCAC-1,CD4 T cells,0.5211354,FCGR3A+ Monocytes
CGATACGATTCACT-1,B cells,0.9507476,B cells
CCTCGAACGTATCG-1,CD4 T cells,0.9350534,CD4 T cells
CTCTAAACCTCGAA-1,CD4 T cells,0.9646389,CD4 T cells
ACCCTCGATAAGGA-1,CD14+ Monocytes,0.7481437,CD14+ Monocytes
GGGCAGCTTGGGAG-1,CD8 T cells,0.4870744,CD8 T cells
GTATCTACGACGAG-1,CD8 T cells,0.69265085,CD8 T cells
AAACATTGAGCTAC-1,B cells,0.91911405,B cells
TCGTTATGGACAAA-1,CD4 T cells,0.96367234,CD4 T cells
GTACTTTGTCGACA-1,CD8 T cells,0.49045897,CD8 T cells
TGGTAGACCCTCAC-1,CD8 T cells,0.5454691,NK cells
GGATTTCTTTGTCT-1,CD14+ Monocytes,0.70977014,CD14+ Monocytes
CGATACGAACAGTC-1,CD14+ Monocytes,0.82052577,CD14+ Monocytes
TATCGTACATTCCT-1,CD14+ Monocytes,0.83790267,CD14+ Monocytes
AGGCCTCTCGTAAC-1,CD4 T cells,0.8581035,CD4 T cells
GCACCTTGGCTGTA-1,CD4 T cells,0.76498324,CD4 T cells
TGTGAGACTTGAGC-1,CD4 T cells,0.94336474,CD4 T cells
ATGCACGAATGTCG-1,B cells,0.909078,B cells
AAGGTCTGCAGATC-1,CD4 T cells,0.83461064,CD4 T cells
ATCCTAACGACGGA-1,B cells,0.87290406,B cells
ACTTCTGACATGCA-1,B cells,0.9254315,B cells
GCCTAGCTTCTCTA-1,FCGR3A+ Monocytes,0.33569396,FCGR3A+ Monocytes
CGACTGCTTCCTCG-1,CD14+ Monocytes,0.86565393,CD14+ Monocytes
AGGAAATGAGGAGC-1,CD4 T cells,0.9445871,CD4 T cells
CCTAGAGAGGTGAG-1,B cells,0.86552626,B cells
GAGGTACTGGGAGT-1,CD4 T cells,0.8641983,CD4 T cells
CACACCTGTATGGC-1,CD4 T cells,0.9145981,CD4 T cells
CAGCGGACCTTTAC-1,NK cells,0.5049575,NK cells
TATCTTCTAAACAG-1,CD4 T cells,0.94943464,CD4 T cells
GAAGGGTGCTTAGG-1,CD14+ Monocytes,0.85456043,CD14+ Monocytes
GAGGTACTACGGTT-1,CD4 T cells,0.95907557,CD4 T cells
GGTGATACCGACTA-1,B cells,0.98269707,B cells
AAAGAGACGAGATA-1,CD4 T cells,0.9672038,CD4 T cells
ACAATTGACTGACA-1,CD8 T cells,0.62748045,CD8 T cells
AGAGTGCTGTCATG-1,CD4 T cells,0.95978034,CD4 T cells
GCCGGAACGTTCTT-1,NK cells,0.5979884,NK cells
CTTGATTGTTTCGT-1,CD4 T cells,0.9791911,CD4 T cells
AAATGTTGAACGAA-1,CD14+ Monocytes,0.86948216,CD14+ Monocytes
AAAGTTTGTAGAGA-1,CD4 T cells,0.8634012,CD4 T cells
ACGGATTGGGAGGT-1,B cells,0.94443345,B cells
TGACCAGACAACCA-1,CD4 T cells,0.9519603,CD4 T cells
ACAATTGATGACTG-1,NK cells,0.50363684,NK cells
AAGACAGATTACCT-1,CD14+ Monocytes,0.84565055,CD14+ Monocytes
